Longitude (x),Latitude (y),Station Name,Climate ID,Date/Time,Year,Month,Day,Data Quality,Max Temp (°C),Max Temp Flag,Min Temp (°C),Min Temp Flag,Mean Temp (°C),Mean Temp Flag,Heat Deg Days (°C),Heat Deg Days Flag,Cool Deg Days (°C),Cool Deg Days Flag,Total Rain (mm),Total Rain Flag,Total Snow (cm),Total Snow Flag,Total Precip (mm),Total Precip Flag,Snow on Grnd (cm),Snow on Grnd Flag,Dir of Max Gust (10s deg),Dir of Max Gust Flag,Spd of Max Gust (km/h),Spd of Max Gust Flag
-79.4,43.67,TORONTO,6158350,1905-01-01,1905,1,1,,5.6,,1.7,,3.7,,14.3,,0,,0,T,0,,0,T,,,,,,
-79.4,43.67,TORONTO,6158350,1905-01-02,1905,1,2,,3.3,,-6.1,,-1.4,,19.4,,0,,0,,0.5,,0.5,,,,,,,
-79.4,43.67,TORONTO,6158350,1905-01-03,1905,1,3,,-6.1,,-15,,-10.6,,28.6,,0,,0,,0,,0,,,,,,,
-79.4,43.67,TORONTO,6158350,1905-01-04,1905,1,4,,-6.7,,-17.8,,-12.3,,30.3,,0,,0,,0.3,,0.3,,,,,,,
-79.4,43.67,TORONTO,6158350,1905-01-05,1905,1,5,,-6.7,,-15,,-10.9,,28.9,,0,,0,,7.9,,7.9,,,,,,,
-79.4,43.67,TORONTO,6158350,1905-01-06,1905,1,6,,-3.3,,-13.3,,-8.3,,26.3,,0,,0,,9.1,,9.1,,,,,,,
-79.4,43.67,TORONTO,6158350,1905-01-07,1905,1,7,,-3.3,,-7.8,,-5.6,,23.6,,0,,0,,16.8,,16.8,,,,,,,
-79.4,43.67,TORONTO,6158350,1905-01-08,1905,1,8,,-2.8,,-10.6,,-6.7,,24.7,,0,,0,,0.3,,0.3,,,,,,,
-79.4,43.67,TORONTO,6158350,1905-01-09,1905,1,9,,-1.1,,-12.2,,-6.7,,24.7,,0,,0,,3,,3,,,,,,,
-79.4,43.67,TORONTO,6158350,1905-01-10,1905,1,10,,-0.6,,-12.8,,-6.7,,24.7,,0,,0,,0,,0,,,,,,,
-79.4,43.67,TORONTO,6158350,1905-01-11,1905,1,11,,-6.1,,-15,,-10.6,,28.6,,0,,5.1,,6.4,,11.4,,,,,,,
-79.4,43.67,TORONTO,6158350,1905-01-12,1905,1,12,,3.9,,-9.4,,-2.8,,20.8,,0,,10.2,,0,T,10.2,,,,,,,
-79.4,43.67,TORONTO,6158350,1905-01-13,1905,1,13,,-3.3,,-12.2,,-7.8,,25.8,,0,,0,,0,,0,,,,,,,
-79.4,43.67,TORONTO,6158350,1905-01-14,1905,1,14,,-8.3,,-18.3,,-13.3,,31.3,,0,,0,,0,,0,,,,,,,
-79.4,43.67,TORONTO,6158350,1905-01-15,1905,1,15,,-9.4,,-13.9,,-11.7,,29.7,,0,,0,,0.3,,0.3,,,,,,,
-79.4,43.67,TORONTO,6158350,1905-01-16,1905,1,16,,-4.4,,-10,,-7.2,,25.2,,0,,0,,0.3,,0.3,,,,,,,
-79.4,43.67,TORONTO,6158350,1905-01-17,1905,1,17,,-1.7,,-6.1,,-3.9,,21.9,,0,,0,,0,,0,,,,,,,
-79.4,43.67,TORONTO,6158350,1905-01-18,1905,1,18,,1.1,,-7.2,,-3.1,,21.1,,0,,0.8,,1,,1.8,,,,,,,
-79.4,43.67,TORONTO,6158350,1905-01-19,1905,1,19,,3.3,,0.6,,2,,16,,0,,0,T,0,,0,T,,,,,,
-79.4,43.67,TORONTO,6158350,1905-01-20,1905,1,20,,0.6,,-5,,-2.2,,20.2,,0,,0,,0.3,,0.3,,,,,,,
-79.4,43.67,TORONTO,6158350,1905-01-21,1905,1,21,,-3.9,,-6.7,,-5.3,,23.3,,0,,0,,4.3,,4.3,,,,,,,
-79.4,43.67,TORONTO,6158350,1905-01-22,1905,1,22,,-5,,-12.2,,-8.6,,26.6,,0,,0,,0,T,0,T,,,,,,
-79.4,43.67,TORONTO,6158350,1905-01-23,1905,1,23,,-6.7,,-18.3,,-12.5,,30.5,,0,,0,,0,,0,,,,,,,
-79.4,43.67,TORONTO,6158350,1905-01-24,1905,1,24,,-4.4,,-11.7,,-8.1,,26.1,,0,,0,,15.2,,15.2,,,,,,,
-79.4,43.67,TORONTO,6158350,1905-01-25,1905,1,25,,-9.4,,-17.2,,-13.3,,31.3,,0,,0,,0,,0,,,,,,,
-79.4,43.67,TORONTO,6158350,1905-01-26,1905,1,26,,-11.1,,-21.7,,-16.4,,34.4,,0,,0,,0,,0,,,,,,,
-79.4,43.67,TORONTO,6158350,1905-01-27,1905,1,27,,-2.8,,-13.3,,-8.1,,26.1,,0,,0,,1,,1,,,,,,,
-79.4,43.67,TORONTO,6158350,1905-01-28,1905,1,28,,-3.9,,-15.6,,-9.8,,27.8,,0,,0,,0,T,0,T,,,,,,
-79.4,43.67,TORONTO,6158350,1905-01-29,1905,1,29,,-7.8,,-19.4,,-13.6,,31.6,,0,,0,,0,T,0,T,,,,,,
-79.4,43.67,TORONTO,6158350,1905-01-30,1905,1,30,,-8.3,,-16.1,,-12.2,,30.2,,0,,0,,0.5,,0.5,,,,,,,
-79.4,43.67,TORONTO,6158350,1905-01-31,1905,1,31,,-5.6,,-12.2,,-8.9,,26.9,,0,,0,,0.3,,0.3,,,,,,,
-79.4,43.67,TORONTO,6158350,1905-02-01,1905,2,1,,-5.6,,-14.4,,-10,,28,,0,,0,,1.5,,1.5,,,,,,,
-79.4,43.67,TORONTO,6158350,1905-02-02,1905,2,2,,-10,,-16.1,,-13.1,,31.1,,0,,0,,0,T,0,T,,,,,,
-79.4,43.67,TORONTO,6158350,1905-02-03,1905,2,3,,-11.1,,-21.7,,-16.4,,34.4,,0,,0,,0,,0,,,,,,,
-79.4,43.67,TORONTO,6158350,1905-02-04,1905,2,4,,-11.1,,-22.2,,-16.7,,34.7,,0,,0,,0,,0,,,,,,,
-79.4,43.67,TORONTO,6158350,1905-02-05,1905,2,5,,-8.3,,-18.3,,-13.3,,31.3,,0,,0,,2.5,,2.5,,,,,,,
-79.4,43.67,TORONTO,6158350,1905-02-06,1905,2,6,,-5.6,,-12.8,,-9.2,,27.2,,0,,0,,3,,3,,,,,,,
-79.4,43.67,TORONTO,6158350,1905-02-07,1905,2,7,,-11.1,,-16.1,,-13.6,,31.6,,0,,0,,0,,0,,,,,,,
-79.4,43.67,TORONTO,6158350,1905-02-08,1905,2,8,,-6.1,,-21.7,,-13.9,,31.9,,0,,0,,7.1,,7.1,,,,,,,
-79.4,43.67,TORONTO,6158350,1905-02-09,1905,2,9,,2.2,,-6.1,,-2,,20,,0,,0,,1.8,,1.8,,,,,,,
-79.4,43.67,TORONTO,6158350,1905-02-10,1905,2,10,,0.6,,-9.4,,-4.4,,22.4,,0,,0,,0,,0,,,,,,,
-79.4,43.67,TORONTO,6158350,1905-02-11,1905,2,11,,-8.9,,-17.2,,-13.1,,31.1,,0,,0,,0,,0,,,,,,,
-79.4,43.67,TORONTO,6158350,1905-02-12,1905,2,12,,0.6,,-12.8,,-6.1,,24.1,,0,,0,,12.2,,12.2,,,,,,,
-79.4,43.67,TORONTO,6158350,1905-02-13,1905,2,13,,1.1,,-18.9,,-8.9,,26.9,,0,,0,,0.5,,0.5,,,,,,,
-79.4,43.67,TORONTO,6158350,1905-02-14,1905,2,14,,-11.1,,-22.2,,-16.7,,34.7,,0,,0,,0.3,,0.3,,,,,,,
-79.4,43.67,TORONTO,6158350,1905-02-15,1905,2,15,,-10.6,,-18.3,,-14.5,,32.5,,0,,0,,0,,0,,,,,,,
-79.4,43.67,TORONTO,6158350,1905-02-16,1905,2,16,,-5,,-20.6,,-12.8,,30.8,,0,,0,,0,,0,,,,,,,
-79.4,43.67,TORONTO,6158350,1905-02-17,1905,2,17,,-0.6,,-7.2,,-3.9,,21.9,,0,,0,,0.8,,0.8,,,,,,,
-79.4,43.67,TORONTO,6158350,1905-02-18,1905,2,18,,-7.2,,-15,,-11.1,,29.1,,0,,0,,0,,0,,,,,,,
-79.4,43.67,TORONTO,6158350,1905-02-19,1905,2,19,,-2.8,,-20.6,,-11.7,,29.7,,0,,0,,0,T,0,T,,,,,,
-79.4,43.67,TORONTO,6158350,1905-02-20,1905,2,20,,3.3,,-6.7,,-1.7,,19.7,,0,,0,,0,,0,,,,,,,
-79.4,43.67,TORONTO,6158350,1905-02-21,1905,2,21,,2.2,,-7.8,,-2.8,,20.8,,0,,0,,0,,0,,,,,,,
-79.4,43.67,TORONTO,6158350,1905-02-22,1905,2,22,,1.7,,-2.8,,-0.6,,18.6,,0,,1.5,,3.8,,5.3,,,,,,,
-79.4,43.67,TORONTO,6158350,1905-02-23,1905,2,23,,1.1,,-2.2,,-0.6,,18.6,,0,,0,,0.5,,0.5,,,,,,,
-79.4,43.67,TORONTO,6158350,1905-02-24,1905,2,24,,2.8,,-8.9,,-3.1,,21.1,,0,,0,,0,,0,,,,,,,
-79.4,43.67,TORONTO,6158350,1905-02-25,1905,2,25,,0.6,,-6.7,,-3.1,,21.1,,0,,0,,0.3,,0.3,,,,,,,
-79.4,43.67,TORONTO,6158350,1905-02-26,1905,2,26,,-1.1,,-10.6,,-5.9,,23.9,,0,,0,,0,T,0,T,,,,,,
-79.4,43.67,TORONTO,6158350,1905-02-27,1905,2,27,,-1.7,,-12.8,,-7.3,,25.3,,0,,0,,0.5,,0.5,,,,,,,
-79.4,43.67,TORONTO,6158350,1905-02-28,1905,2,28,,-0.6,,-7.2,,-3.9,,21.9,,0,,0,,0,,0,,,,,,,
-79.4,43.67,TORONTO,6158350,1905-03-01,1905,3,1,,-4.4,,-12.2,,-8.3,,26.3,,0,,0,,0,,0,,,,,,,
-79.4,43.67,TORONTO,6158350,1905-03-02,1905,3,2,,-1.1,,-12.8,,-7,,25,,0,,0,,0,,0,,,,,,,
-79.4,43.67,TORONTO,6158350,1905-03-03,1905,3,3,,1.7,,-6.7,,-2.5,,20.5,,0,,0,,2.5,,2.5,,,,,,,
-79.4,43.67,TORONTO,6158350,1905-03-04,1905,3,4,,1.7,,-11.7,,-5,,23,,0,,0,,0,,0,,,,,,,
-79.4,43.67,TORONTO,6158350,1905-03-05,1905,3,5,,-2.2,,-14.4,,-8.3,,26.3,,0,,0,,0,T,0,T,,,,,,
-79.4,43.67,TORONTO,6158350,1905-03-06,1905,3,6,,-1.7,,-11.1,,-6.4,,24.4,,0,,0,,0,,0,,,,,,,
-79.4,43.67,TORONTO,6158350,1905-03-07,1905,3,7,,0.6,,-10,,-4.7,,22.7,,0,,0,,0,,0,,,,,,,
-79.4,43.67,TORONTO,6158350,1905-03-08,1905,3,8,,1.1,,-3.9,,-1.4,,19.4,,0,,0,,0.5,,0.5,,,,,,,
-79.4,43.67,TORONTO,6158350,1905-03-09,1905,3,9,,2.8,,-7.8,,-2.5,,20.5,,0,,0,,0,,0,,,,,,,
-79.4,43.67,TORONTO,6158350,1905-03-10,1905,3,10,,2.8,,-13.3,,-5.3,,23.3,,0,,0,,0,,0,,,,,,,
-79.4,43.67,TORONTO,6158350,1905-03-11,1905,3,11,,-3.9,,-10.6,,-7.3,,25.3,,0,,0,,0.5,,0.5,,,,,,,
-79.4,43.67,TORONTO,6158350,1905-03-12,1905,3,12,,-2.2,,-11.7,,-7,,25,,0,,0,,0,,0,,,,,,,
-79.4,43.67,TORONTO,6158350,1905-03-13,1905,3,13,,-3.3,,-13.3,,-8.3,,26.3,,0,,0,,0,T,0,T,,,,,,
-79.4,43.67,TORONTO,6158350,1905-03-14,1905,3,14,,-2.8,,-11.7,,-7.3,,25.3,,0,,0,,0,,0,,,,,,,
-79.4,43.67,TORONTO,6158350,1905-03-15,1905,3,15,,-0.6,,-12.8,,-6.7,,24.7,,0,,0,,0,,0,,,,,,,
-79.4,43.67,TORONTO,6158350,1905-03-16,1905,3,16,,-1.7,,-7.2,,-4.5,,22.5,,0,,0.8,,0.8,,1.5,,,,,,,
-79.4,43.67,TORONTO,6158350,1905-03-17,1905,3,17,,-0.6,,-3.9,,-2.3,,20.3,,0,,0,,0,,0,,,,,,,
-79.4,43.67,TORONTO,6158350,1905-03-18,1905,3,18,,7.8,,-2.2,,2.8,,15.2,,0,,5.1,,0,,5.1,,,,,,,
-79.4,43.67,TORONTO,6158350,1905-03-19,1905,3,19,,7.2,,-1.1,,3.1,,14.9,,0,,0,,0,T,0,T,,,,,,
-79.4,43.67,TORONTO,6158350,1905-03-20,1905,3,20,,0.6,,-3.9,,-1.7,,19.7,,0,,0,,0,,0,,,,,,,
-79.4,43.67,TORONTO,6158350,1905-03-21,1905,3,21,,1.7,,-2.8,,-0.6,,18.6,,0,,0,,0,,0,,,,,,,
-79.4,43.67,TORONTO,6158350,1905-03-22,1905,3,22,,2.8,,0.6,,1.7,,16.3,,0,,0,,0,,0,,,,,,,
-79.4,43.67,TORONTO,6158350,1905-03-23,1905,3,23,,8.9,,0.6,,4.8,,13.2,,0,,0,,0,,0,,,,,,,
-79.4,43.67,TORONTO,6158350,1905-03-24,1905,3,24,,7.2,,2.2,,4.7,,13.3,,0,,0.5,,0,,0.5,,,,,,,
-79.4,43.67,TORONTO,6158350,1905-03-25,1905,3,25,,12.2,,1.1,,6.7,,11.3,,0,,0,,0,,0,,,,,,,
-79.4,43.67,TORONTO,6158350,1905-03-26,1905,3,26,,8.3,,2.2,,5.3,,12.7,,0,,2.3,,0,,2.3,,,,,,,
-79.4,43.67,TORONTO,6158350,1905-03-27,1905,3,27,,15.6,,4.4,,10,,8,,0,,0,T,0,,0,T,,,,,,
-79.4,43.67,TORONTO,6158350,1905-03-28,1905,3,28,,10,,3.3,,6.7,,11.3,,0,,0,,0,,0,,,,,,,
-79.4,43.67,TORONTO,6158350,1905-03-29,1905,3,29,,17.8,,2.2,,10,,8,,0,,0,,0,,0,,,,,,,
-79.4,43.67,TORONTO,6158350,1905-03-30,1905,3,30,,13.9,,6.1,,10,,8,,0,,0,T,0,,0,T,,,,,,
-79.4,43.67,TORONTO,6158350,1905-03-31,1905,3,31,,15,,0,,7.5,,10.5,,0,,0,T,0,,0,T,,,,,,
-79.4,43.67,TORONTO,6158350,1905-04-01,1905,4,1,,8.9,,-1.1,,3.9,,14.1,,0,,0,,0,,0,,,,,,,
-79.4,43.67,TORONTO,6158350,1905-04-02,1905,4,2,,6.1,,-1.1,,2.5,,15.5,,0,,0,,0,,0,,,,,,,
-79.4,43.67,TORONTO,6158350,1905-04-03,1905,4,3,,6.7,,-2.2,,2.3,,15.7,,0,,0,T,0,,0,T,,,,,,
-79.4,43.67,TORONTO,6158350,1905-04-04,1905,4,4,,17.2,,2.8,,10,,8,,0,,0,,0,,0,,,,,,,
-79.4,43.67,TORONTO,6158350,1905-04-05,1905,4,5,,10,,0.6,,5.3,,12.7,,0,,0,,0,,0,,,,,,,
-79.4,43.67,TORONTO,6158350,1905-04-06,1905,4,6,,6.1,,-0.6,,2.8,,15.2,,0,,0,,0,T,0,T,,,,,,
-79.4,43.67,TORONTO,6158350,1905-04-07,1905,4,7,,5.6,,-1.7,,2,,16,,0,,0,,0,,0,,,,,,,
-79.4,43.67,TORONTO,6158350,1905-04-08,1905,4,8,,8.9,,-2.8,,3.1,,14.9,,0,,0,,0,T,0,T,,,,,,
-79.4,43.67,TORONTO,6158350,1905-04-09,1905,4,9,,15,,1.7,,8.4,,9.6,,0,,0,,0,,0,,,,,,,
-79.4,43.67,TORONTO,6158350,1905-04-10,1905,4,10,,10.6,,4.4,,7.5,,10.5,,0,,6.1,,0,,6.1,,,,,,,
-79.4,43.67,TORONTO,6158350,1905-04-11,1905,4,11,,8.9,,3.9,,6.4,,11.6,,0,,0,T,0,,0,T,,,,,,
-79.4,43.67,TORONTO,6158350,1905-04-12,1905,4,12,,8.9,,-2.2,,3.4,,14.6,,0,,0,,0,,0,,,,,,,
-79.4,43.67,TORONTO,6158350,1905-04-13,1905,4,13,,13.9,,-2.8,,5.6,,12.4,,0,,0,,0,,0,,,,,,,
-79.4,43.67,TORONTO,6158350,1905-04-14,1905,4,14,,5,,0.6,,2.8,,15.2,,0,,0,,0.5,,0.5,,,,,,,
-79.4,43.67,TORONTO,6158350,1905-04-15,1905,4,15,,6.1,,-2.8,,1.7,,16.3,,0,,0,,0,T,0,T,,,,,,
-79.4,43.67,TORONTO,6158350,1905-04-16,1905,4,16,,4.4,,-3.3,,0.6,,17.4,,0,,0,,0.8,,0.8,,,,,,,
-79.4,43.67,TORONTO,6158350,1905-04-17,1905,4,17,,4.4,,-4.4,,0,,18,,0,,0,,0,T,0,T,,,,,,
-79.4,43.67,TORONTO,6158350,1905-04-18,1905,4,18,,5,,-3.3,,0.9,,17.1,,0,,0,,0,T,0,T,,,,,,
-79.4,43.67,TORONTO,6158350,1905-04-19,1905,4,19,,14.4,,0.6,,7.5,,10.5,,0,,0,,0,,0,,,,,,,
-79.4,43.67,TORONTO,6158350,1905-04-20,1905,4,20,,11.1,,5.6,,8.4,,9.6,,0,,0.8,,0,,0.8,,,,,,,
-79.4,43.67,TORONTO,6158350,1905-04-21,1905,4,21,,9.4,,0.6,,5,,13,,0,,17.5,,7.6,,25.1,,,,,,,
-79.4,43.67,TORONTO,6158350,1905-04-22,1905,4,22,,9.4,,-2.8,,3.3,,14.7,,0,,0,,0,,0,,,,,,,
-79.4,43.67,TORONTO,6158350,1905-04-23,1905,4,23,,12.2,,2.8,,7.5,,10.5,,0,,0,,0,,0,,,,,,,
-79.4,43.67,TORONTO,6158350,1905-04-24,1905,4,24,,16.7,,-0.6,,8.1,,9.9,,0,,0,,0,,0,,,,,,,
-79.4,43.67,TORONTO,6158350,1905-04-25,1905,4,25,,14.4,,2.2,,8.3,,9.7,,0,,0,,0,,0,,,,,,,
-79.4,43.67,TORONTO,6158350,1905-04-26,1905,4,26,,17.8,,1.7,,9.8,,8.2,,0,,0,,0,,0,,,,,,,
-79.4,43.67,TORONTO,6158350,1905-04-27,1905,4,27,,14.4,,6.1,,10.3,,7.7,,0,,0,,0,,0,,,,,,,
-79.4,43.67,TORONTO,6158350,1905-04-28,1905,4,28,,16.7,,3.3,,10,,8,,0,,0,,0,,0,,,,,,,
-79.4,43.67,TORONTO,6158350,1905-04-29,1905,4,29,,19.4,,8.9,,14.2,,3.8,,0,,3,,0,,3,,,,,,,
-79.4,43.67,TORONTO,6158350,1905-04-30,1905,4,30,,12.2,,6.1,,9.2,,8.8,,0,,0,,0,,0,,,,,,,
-79.4,43.67,TORONTO,6158350,1905-05-01,1905,5,1,,11.7,,0,,5.9,,12.1,,0,,0,,0,,0,,,,,,,
-79.4,43.67,TORONTO,6158350,1905-05-02,1905,5,2,,6.7,,1.1,,3.9,,14.1,,0,,0.3,,0,,0.3,,,,,,,
-79.4,43.67,TORONTO,6158350,1905-05-03,1905,5,3,,17.8,,3.3,,10.6,,7.4,,0,,0.8,,0,,0.8,,,,,,,
-79.4,43.67,TORONTO,6158350,1905-05-04,1905,5,4,,16.1,,7.2,,11.7,,6.3,,0,,0,,0,,0,,,,,,,
-79.4,43.67,TORONTO,6158350,1905-05-05,1905,5,5,,17.8,,8.9,,13.4,,4.6,,0,,9.9,,0,,9.9,,,,,,,
-79.4,43.67,TORONTO,6158350,1905-05-06,1905,5,6,,16.1,,6.7,,11.4,,6.6,,0,,17.5,,0,,17.5,,,,,,,
-79.4,43.67,TORONTO,6158350,1905-05-07,1905,5,7,,14.4,,7.8,,11.1,,6.9,,0,,0,,0,,0,,,,,,,
-79.4,43.67,TORONTO,6158350,1905-05-08,1905,5,8,,17.2,,2.2,,9.7,,8.3,,0,,7.6,,0,,7.6,,,,,,,
-79.4,43.67,TORONTO,6158350,1905-05-09,1905,5,9,,11.7,,3.9,,7.8,,10.2,,0,,0,,0,,0,,,,,,,
-79.4,43.67,TORONTO,6158350,1905-05-10,1905,5,10,,12.2,,5.6,,8.9,,9.1,,0,,0,T,0,,0,T,,,,,,
-79.4,43.67,TORONTO,6158350,1905-05-11,1905,5,11,,14.4,,6.7,,10.6,,7.4,,0,,1,,0,,1,,,,,,,
-79.4,43.67,TORONTO,6158350,1905-05-12,1905,5,12,,21.7,,10,,15.9,,2.1,,0,,0,,0,,0,,,,,,,
-79.4,43.67,TORONTO,6158350,1905-05-13,1905,5,13,,21.7,,6.7,,14.2,,3.8,,0,,0,,0,,0,,,,,,,
-79.4,43.67,TORONTO,6158350,1905-05-14,1905,5,14,,16.7,,9.4,,13.1,,4.9,,0,,1.8,,0,,1.8,,,,,,,
-79.4,43.67,TORONTO,6158350,1905-05-15,1905,5,15,,18.9,,8.9,,13.9,,4.1,,0,,0.3,,0,,0.3,,,,,,,
-79.4,43.67,TORONTO,6158350,1905-05-16,1905,5,16,,18.9,,7.8,,13.4,,4.6,,0,,3,,0,,3,,,,,,,
-79.4,43.67,TORONTO,6158350,1905-05-17,1905,5,17,,17.2,,5.6,,11.4,,6.6,,0,,2,,0,,2,,,,,,,
-79.4,43.67,TORONTO,6158350,1905-05-18,1905,5,18,,17.2,,8.9,,13.1,,4.9,,0,,0.8,,0,,0.8,,,,,,,
-79.4,43.67,TORONTO,6158350,1905-05-19,1905,5,19,,18.9,,8.3,,13.6,,4.4,,0,,0,,0,,0,,,,,,,
-79.4,43.67,TORONTO,6158350,1905-05-20,1905,5,20,,12.8,,3.3,,8.1,,9.9,,0,,0,,0,,0,,,,,,,
-79.4,43.67,TORONTO,6158350,1905-05-21,1905,5,21,,17.8,,1.1,,9.5,,8.5,,0,,0,,0,,0,,,,,,,
-79.4,43.67,TORONTO,6158350,1905-05-22,1905,5,22,,17.2,,3.9,,10.6,,7.4,,0,,0,,0,,0,,,,,,,
-79.4,43.67,TORONTO,6158350,1905-05-23,1905,5,23,,15,,2.8,,8.9,,9.1,,0,,0,,0,,0,,,,,,,
-79.4,43.67,TORONTO,6158350,1905-05-24,1905,5,24,,20,,2.2,,11.1,,6.9,,0,,0,,0,,0,,,,,,,
-79.4,43.67,TORONTO,6158350,1905-05-25,1905,5,25,,24.4,,5.6,,15,,3,,0,,5.3,,0,,5.3,,,,,,,
-79.4,43.67,TORONTO,6158350,1905-05-26,1905,5,26,,19.4,,11.1,,15.3,,2.7,,0,,9.9,,0,,9.9,,,,,,,
-79.4,43.67,TORONTO,6158350,1905-05-27,1905,5,27,,17.2,,3.3,,10.3,,7.7,,0,,0,,0,,0,,,,,,,
-79.4,43.67,TORONTO,6158350,1905-05-28,1905,5,28,,21.7,,9.4,,15.6,,2.4,,0,,0.5,,0,,0.5,,,,,,,
-79.4,43.67,TORONTO,6158350,1905-05-29,1905,5,29,,17.8,,8.9,,13.4,,4.6,,0,,21.3,,0,,21.3,,,,,,,
-79.4,43.67,TORONTO,6158350,1905-05-30,1905,5,30,,17.8,,9.4,,13.6,,4.4,,0,,0,,0,,0,,,,,,,
-79.4,43.67,TORONTO,6158350,1905-05-31,1905,5,31,,18.3,,6.7,,12.5,,5.5,,0,,0,,0,,0,,,,,,,
-79.4,43.67,TORONTO,6158350,1905-06-01,1905,6,1,,20,,4.4,,12.2,,5.8,,0,,0,,0,,0,,,,,,,
-79.4,43.67,TORONTO,6158350,1905-06-02,1905,6,2,,20,,12.8,,16.4,,1.6,,0,,2.8,,0,,2.8,,,,,,,
-79.4,43.67,TORONTO,6158350,1905-06-03,1905,6,3,,20,,6.7,,13.4,,4.6,,0,,0,,0,,0,,,,,,,
-79.4,43.67,TORONTO,6158350,1905-06-04,1905,6,4,,19.4,,6.1,,12.8,,5.2,,0,,10.2,,0,,10.2,,,,,,,
-79.4,43.67,TORONTO,6158350,1905-06-05,1905,6,5,,18.3,,11.7,,15,,3,,0,,14,,0,,14,,,,,,,
-79.4,43.67,TORONTO,6158350,1905-06-06,1905,6,6,,16.7,,12.8,,14.8,,3.2,,0,,2,,0,,2,,,,,,,
-79.4,43.67,TORONTO,6158350,1905-06-07,1905,6,7,,14.4,,8.3,,11.4,,6.6,,0,,11.9,,0,,11.9,,,,,,,
-79.4,43.67,TORONTO,6158350,1905-06-08,1905,6,8,,21.1,,5.6,,13.4,,4.6,,0,,0,,0,,0,,,,,,,
-79.4,43.67,TORONTO,6158350,1905-06-09,1905,6,9,,22.8,,6.7,,14.8,,3.2,,0,,0,,0,,0,,,,,,,
-79.4,43.67,TORONTO,6158350,1905-06-10,1905,6,10,,17.2,,12.2,,14.7,,3.3,,0,,11.4,,0,,11.4,,,,,,,
-79.4,43.67,TORONTO,6158350,1905-06-11,1905,6,11,,22.2,,12.8,,17.5,,0.5,,0,,5.3,,0,,5.3,,,,,,,
-79.4,43.67,TORONTO,6158350,1905-06-12,1905,6,12,,23.9,,15.6,,19.8,,0,,1.8,,0,,0,,0,,,,,,,
-79.4,43.67,TORONTO,6158350,1905-06-13,1905,6,13,,23.9,,13.3,,18.6,,0,,0.6,,0.5,,0,,0.5,,,,,,,
-79.4,43.67,TORONTO,6158350,1905-06-14,1905,6,14,,26.7,,11.7,,19.2,,0,,1.2,,0,,0,,0,,,,,,,
-79.4,43.67,TORONTO,6158350,1905-06-15,1905,6,15,,28.3,,12.8,,20.6,,0,,2.6,,0,,0,,0,,,,,,,
-79.4,43.67,TORONTO,6158350,1905-06-16,1905,6,16,,20.6,,13.9,,17.3,,0.7,,0,,4.3,,0,,4.3,,,,,,,
-79.4,43.67,TORONTO,6158350,1905-06-17,1905,6,17,,27.2,,16.7,,22,,0,,4,,0,,0,,0,,,,,,,
-79.4,43.67,TORONTO,6158350,1905-06-18,1905,6,18,,25.6,,16.1,,20.9,,0,,2.9,,3.8,,0,,3.8,,,,,,,
-79.4,43.67,TORONTO,6158350,1905-06-19,1905,6,19,,28.3,,15.6,,22,,0,,4,,3.3,,0,,3.3,,,,,,,
-79.4,43.67,TORONTO,6158350,1905-06-20,1905,6,20,,29.4,,17.2,,23.3,,0,,5.3,,0,,0,,0,,,,,,,
-79.4,43.67,TORONTO,6158350,1905-06-21,1905,6,21,,25.6,,17.2,,21.4,,0,,3.4,,0.3,,0,,0.3,,,,,,,
-79.4,43.67,TORONTO,6158350,1905-06-22,1905,6,22,,27.8,,15.6,,21.7,,0,,3.7,,0,,0,,0,,,,,,,
-79.4,43.67,TORONTO,6158350,1905-06-23,1905,6,23,,21.1,,12.2,,16.7,,1.3,,0,,0,,0,,0,,,,,,,
-79.4,43.67,TORONTO,6158350,1905-06-24,1905,6,24,,25,,13.3,,19.2,,0,,1.2,,0,,0,,0,,,,,,,
-79.4,43.67,TORONTO,6158350,1905-06-25,1905,6,25,,28.9,,13.3,,21.1,,0,,3.1,,6.9,,0,,6.9,,,,,,,
-79.4,43.67,TORONTO,6158350,1905-06-26,1905,6,26,,22.8,,16.1,,19.5,,0,,1.5,,4.3,,0,,4.3,,,,,,,
-79.4,43.67,TORONTO,6158350,1905-06-27,1905,6,27,,20,,10,,15,,3,,0,,0,,0,,0,,,,,,,
-79.4,43.67,TORONTO,6158350,1905-06-28,1905,6,28,,24.4,,11.1,,17.8,,0.2,,0,,0,,0,,0,,,,,,,
-79.4,43.67,TORONTO,6158350,1905-06-29,1905,6,29,,25,,10,,17.5,,0.5,,0,,0,,0,,0,,,,,,,
-79.4,43.67,TORONTO,6158350,1905-06-30,1905,6,30,,24.4,,10.6,,17.5,,0.5,,0,,0,,0,,0,,,,,,,
-79.4,43.67,TORONTO,6158350,1905-07-01,1905,7,1,,20,,12.8,,16.4,,1.6,,0,,3,,0,,3,,,,,,,
-79.4,43.67,TORONTO,6158350,1905-07-02,1905,7,2,,25,,17.2,,21.1,,0,,3.1,,0.5,,0,,0.5,,,,,,,
-79.4,43.67,TORONTO,6158350,1905-07-03,1905,7,3,,27.8,,15,,21.4,,0,,3.4,,0,T,0,,0,T,,,,,,
-79.4,43.67,TORONTO,6158350,1905-07-04,1905,7,4,,28.9,,17.8,,23.4,,0,,5.4,,5.1,,0,,5.1,,,,,,,
-79.4,43.67,TORONTO,6158350,1905-07-05,1905,7,5,,27.8,,17.2,,22.5,,0,,4.5,,0,,0,,0,,,,,,,
-79.4,43.67,TORONTO,6158350,1905-07-06,1905,7,6,,27.2,,18.3,,22.8,,0,,4.8,,0,,0,,0,,,,,,,
-79.4,43.67,TORONTO,6158350,1905-07-07,1905,7,7,,28.3,,17.2,,22.8,,0,,4.8,,11.2,,0,,11.2,,,,,,,
-79.4,43.67,TORONTO,6158350,1905-07-08,1905,7,8,,26.7,,17.2,,22,,0,,4,,0,,0,,0,,,,,,,
-79.4,43.67,TORONTO,6158350,1905-07-09,1905,7,9,,27.8,,18.3,,23.1,,0,,5.1,,0,,0,,0,,,,,,,
-79.4,43.67,TORONTO,6158350,1905-07-10,1905,7,10,,22.2,,13.9,,18.1,,0,,0.1,,6.4,,0,,6.4,,,,,,,
-79.4,43.67,TORONTO,6158350,1905-07-11,1905,7,11,,25,,15,,20,,0,,2,,1.5,,0,,1.5,,,,,,,
-79.4,43.67,TORONTO,6158350,1905-07-12,1905,7,12,,25,,19.4,,22.2,,0,,4.2,,23.4,,0,,23.4,,,,,,,
-79.4,43.67,TORONTO,6158350,1905-07-13,1905,7,13,,27.2,,17.2,,22.2,,0,,4.2,,0,T,0,,0,T,,,,,,
-79.4,43.67,TORONTO,6158350,1905-07-14,1905,7,14,,26.7,,18.3,,22.5,,0,,4.5,,0.8,,0,,0.8,,,,,,,
-79.4,43.67,TORONTO,6158350,1905-07-15,1905,7,15,,23.3,,13.3,,18.3,,0,,0.3,,0,,0,,0,,,,,,,
-79.4,43.67,TORONTO,6158350,1905-07-16,1905,7,16,,25.6,,15.6,,20.6,,0,,2.6,,0,,0,,0,,,,,,,
-79.4,43.67,TORONTO,6158350,1905-07-17,1905,7,17,,32.8,,18.9,,25.9,,0,,7.9,,0,,0,,0,,,,,,,
-79.4,43.67,TORONTO,6158350,1905-07-18,1905,7,18,,33.3,,20,,26.7,,0,,8.7,,0,,0,,0,,,,,,,
-79.4,43.67,TORONTO,6158350,1905-07-19,1905,7,19,,30.6,,22.8,,26.7,,0,,8.7,,0,,0,,0,,,,,,,
-79.4,43.67,TORONTO,6158350,1905-07-20,1905,7,20,,26.1,,17.8,,22,,0,,4,,0.5,,0,,0.5,,,,,,,
-79.4,43.67,TORONTO,6158350,1905-07-21,1905,7,21,,22.8,,10.6,,16.7,,1.3,,0,,0,,0,,0,,,,,,,
-79.4,43.67,TORONTO,6158350,1905-07-22,1905,7,22,,24.4,,12.2,,18.3,,0,,0.3,,0,,0,,0,,,,,,,
-79.4,43.67,TORONTO,6158350,1905-07-23,1905,7,23,,27.8,,18.3,,23.1,,0,,5.1,,7.1,,0,,7.1,,,,,,,
-79.4,43.67,TORONTO,6158350,1905-07-24,1905,7,24,,22.8,,13.3,,18.1,,0,,0.1,,0.3,,0,,0.3,,,,,,,
-79.4,43.67,TORONTO,6158350,1905-07-25,1905,7,25,,25,,11.1,,18.1,,0,,0.1,,0,,0,,0,,,,,,,
-79.4,43.67,TORONTO,6158350,1905-07-26,1905,7,26,,26.1,,12.2,,19.2,,0,,1.2,,0,,0,,0,,,,,,,
-79.4,43.67,TORONTO,6158350,1905-07-27,1905,7,27,,25,,12.8,,18.9,,0,,0.9,,0,,0,,0,,,,,,,
-79.4,43.67,TORONTO,6158350,1905-07-28,1905,7,28,,26.1,,11.7,,18.9,,0,,0.9,,0,,0,,0,,,,,,,
-79.4,43.67,TORONTO,6158350,1905-07-29,1905,7,29,,20,,16.7,,18.4,,0,,0.4,,25.4,,0,,25.4,,,,,,,
-79.4,43.67,TORONTO,6158350,1905-07-30,1905,7,30,,23.9,,17.8,,20.9,,0,,2.9,,34,,0,,34,,,,,,,
-79.4,43.67,TORONTO,6158350,1905-07-31,1905,7,31,,24.4,,14.4,,19.4,,0,,1.4,,0.8,,0,,0.8,,,,,,,
-79.4,43.67,TORONTO,6158350,1905-08-01,1905,8,1,,23.9,,14.4,,19.2,,0,,1.2,,0,,0,,0,,,,,,,
-79.4,43.67,TORONTO,6158350,1905-08-02,1905,8,2,,23.3,,11.1,,17.2,,0.8,,0,,0,,0,,0,,,,,,,
-79.4,43.67,TORONTO,6158350,1905-08-03,1905,8,3,,23.3,,9.4,,16.4,,1.6,,0,,0,,0,,0,,,,,,,
-79.4,43.67,TORONTO,6158350,1905-08-04,1905,8,4,,22.2,,11.7,,17,,1,,0,,2,,0,,2,,,,,,,
-79.4,43.67,TORONTO,6158350,1905-08-05,1905,8,5,,27.8,,13.9,,20.9,,0,,2.9,,0,,0,,0,,,,,,,
-79.4,43.67,TORONTO,6158350,1905-08-06,1905,8,6,,28.3,,17.8,,23.1,,0,,5.1,,0,T,0,,0,T,,,,,,
-79.4,43.67,TORONTO,6158350,1905-08-07,1905,8,7,,27.8,,14.4,,21.1,,0,,3.1,,0,,0,,0,,,,,,,
-79.4,43.67,TORONTO,6158350,1905-08-08,1905,8,8,,26.1,,17.8,,22,,0,,4,,0,,0,,0,,,,,,,
-79.4,43.67,TORONTO,6158350,1905-08-09,1905,8,9,,28.9,,14.4,,21.7,,0,,3.7,,0,,0,,0,,,,,,,
-79.4,43.67,TORONTO,6158350,1905-08-10,1905,8,10,,31.7,,17.2,,24.5,,0,,6.5,,0,,0,,0,,,,,,,
-79.4,43.67,TORONTO,6158350,1905-08-11,1905,8,11,,28.3,,19.4,,23.9,,0,,5.9,,0,,0,,0,,,,,,,
-79.4,43.67,TORONTO,6158350,1905-08-12,1905,8,12,,30,,17.8,,23.9,,0,,5.9,,0,T,0,,0,T,,,,,,
-79.4,43.67,TORONTO,6158350,1905-08-13,1905,8,13,,23.9,,16.7,,20.3,,0,,2.3,,0,,0,,0,,,,,,,
-79.4,43.67,TORONTO,6158350,1905-08-14,1905,8,14,,21.7,,13.9,,17.8,,0.2,,0,,0,T,0,,0,T,,,,,,
-79.4,43.67,TORONTO,6158350,1905-08-15,1905,8,15,,18.9,,14.4,,16.7,,1.3,,0,,93.5,,0,,93.5,,,,,,,
-79.4,43.67,TORONTO,6158350,1905-08-16,1905,8,16,,22.8,,12.2,,17.5,,0.5,,0,,0,,0,,0,,,,,,,
-79.4,43.67,TORONTO,6158350,1905-08-17,1905,8,17,,22.8,,9.4,,16.1,,1.9,,0,,0,,0,,0,,,,,,,
-79.4,43.67,TORONTO,6158350,1905-08-18,1905,8,18,,23.9,,11.7,,17.8,,0.2,,0,,0,,0,,0,,,,,,,
-79.4,43.67,TORONTO,6158350,1905-08-19,1905,8,19,,23.9,,15,,19.5,,0,,1.5,,9.1,,0,,9.1,,,,,,,
-79.4,43.67,TORONTO,6158350,1905-08-20,1905,8,20,,26.7,,16.7,,21.7,,0,,3.7,,0,,0,,0,,,,,,,
-79.4,43.67,TORONTO,6158350,1905-08-21,1905,8,21,,26.7,,13.9,,20.3,,0,,2.3,,2.5,,0,,2.5,,,,,,,
-79.4,43.67,TORONTO,6158350,1905-08-22,1905,8,22,,29.4,,16.1,,22.8,,0,,4.8,,0,,0,,0,,,,,,,
-79.4,43.67,TORONTO,6158350,1905-08-23,1905,8,23,,25.6,,11.7,,18.7,,0,,0.7,,0,,0,,0,,,,,,,
-79.4,43.67,TORONTO,6158350,1905-08-24,1905,8,24,,24.4,,15,,19.7,,0,,1.7,,0,T,0,,0,T,,,,,,
-79.4,43.67,TORONTO,6158350,1905-08-25,1905,8,25,,21.1,,11.1,,16.1,,1.9,,0,,0,,0,,0,,,,,,,
-79.4,43.67,TORONTO,6158350,1905-08-26,1905,8,26,,24.4,,12.2,,18.3,,0,,0.3,,0,,0,,0,,,,,,,
-79.4,43.67,TORONTO,6158350,1905-08-27,1905,8,27,,21.1,,12.2,,16.7,,1.3,,0,,0,,0,,0,,,,,,,
-79.4,43.67,TORONTO,6158350,1905-08-28,1905,8,28,,23.9,,9.4,,16.7,,1.3,,0,,0,,0,,0,,,,,,,
-79.4,43.67,TORONTO,6158350,1905-08-29,1905,8,29,,27.8,,16.1,,22,,0,,4,,0,T,0,,0,T,,,,,,
-79.4,43.67,TORONTO,6158350,1905-08-30,1905,8,30,,28.3,,19.4,,23.9,,0,,5.9,,0,,0,,0,,,,,,,
-79.4,43.67,TORONTO,6158350,1905-08-31,1905,8,31,,22.8,,14.4,,18.6,,0,,0.6,,0,,0,,0,,,,,,,
-79.4,43.67,TORONTO,6158350,1905-09-01,1905,9,1,,22.8,,15.6,,19.2,,0,,1.2,,0,,0,,0,,,,,,,
-79.4,43.67,TORONTO,6158350,1905-09-02,1905,9,2,,21.1,,13.3,,17.2,,0.8,,0,,2,,0,,2,,,,,,,
-79.4,43.67,TORONTO,6158350,1905-09-03,1905,9,3,,25,,17.2,,21.1,,0,,3.1,,0,,0,,0,,,,,,,
-79.4,43.67,TORONTO,6158350,1905-09-04,1905,9,4,,21.1,,12.8,,17,,1,,0,,1.3,,0,,1.3,,,,,,,
-79.4,43.67,TORONTO,6158350,1905-09-05,1905,9,5,,20.6,,12.2,,16.4,,1.6,,0,,1,,0,,1,,,,,,,
-79.4,43.67,TORONTO,6158350,1905-09-06,1905,9,6,,23.3,,12.8,,18.1,,0,,0.1,,0.5,,0,,0.5,,,,,,,
-79.4,43.67,TORONTO,6158350,1905-09-07,1905,9,7,,22.8,,11.7,,17.3,,0.7,,0,,0.3,,0,,0.3,,,,,,,
-79.4,43.67,TORONTO,6158350,1905-09-08,1905,9,8,,22.2,,13.9,,18.1,,0,,0.1,,0,,0,,0,,,,,,,
-79.4,43.67,TORONTO,6158350,1905-09-09,1905,9,9,,21.7,,11.1,,16.4,,1.6,,0,,0,,0,,0,,,,,,,
-79.4,43.67,TORONTO,6158350,1905-09-10,1905,9,10,,25.6,,13.3,,19.5,,0,,1.5,,0,,0,,0,,,,,,,
-79.4,43.67,TORONTO,6158350,1905-09-11,1905,9,11,,19.4,,16.1,,17.8,,0.2,,0,,8.9,,0,,8.9,,,,,,,
-79.4,43.67,TORONTO,6158350,1905-09-12,1905,9,12,,23.3,,12.8,,18.1,,0,,0.1,,0.5,,0,,0.5,,,,,,,
-79.4,43.67,TORONTO,6158350,1905-09-13,1905,9,13,,19.4,,10,,14.7,,3.3,,0,,0,,0,,0,,,,,,,
-79.4,43.67,TORONTO,6158350,1905-09-14,1905,9,14,,14.4,,4.4,,9.4,,8.6,,0,,0,,0,,0,,,,,,,
-79.4,43.67,TORONTO,6158350,1905-09-15,1905,9,15,,21.1,,9.4,,15.3,,2.7,,0,,0,T,0,,0,T,,,,,,
-79.4,43.67,TORONTO,6158350,1905-09-16,1905,9,16,,22.8,,17.2,,20,,0,,2,,0.8,,0,,0.8,,,,,,,
-79.4,43.67,TORONTO,6158350,1905-09-17,1905,9,17,,22.2,,17.2,,19.7,,0,,1.7,,24.9,,0,,24.9,,,,,,,
-79.4,43.67,TORONTO,6158350,1905-09-18,1905,9,18,,23.9,,17.2,,20.6,,0,,2.6,,0,,0,,0,,,,,,,
-79.4,43.67,TORONTO,6158350,1905-09-19,1905,9,19,,25,,16.1,,20.6,,0,,2.6,,1.5,,0,,1.5,,,,,,,
-79.4,43.67,TORONTO,6158350,1905-09-20,1905,9,20,,22.8,,14.4,,18.6,,0,,0.6,,0,,0,,0,,,,,,,
-79.4,43.67,TORONTO,6158350,1905-09-21,1905,9,21,,23.3,,8.9,,16.1,,1.9,,0,,0,,0,,0,,,,,,,
-79.4,43.67,TORONTO,6158350,1905-09-22,1905,9,22,,23.9,,12.8,,18.4,,0,,0.4,,0.3,,0,,0.3,,,,,,,
-79.4,43.67,TORONTO,6158350,1905-09-23,1905,9,23,,18.3,,9.4,,13.9,,4.1,,0,,0,,0,,0,,,,,,,
-79.4,43.67,TORONTO,6158350,1905-09-24,1905,9,24,,22.2,,5.6,,13.9,,4.1,,0,,0,,0,,0,,,,,,,
-79.4,43.67,TORONTO,6158350,1905-09-25,1905,9,25,,14.4,,6.7,,10.6,,7.4,,0,,0,,0,,0,,,,,,,
-79.4,43.67,TORONTO,6158350,1905-09-26,1905,9,26,,12.2,,0,,6.1,,11.9,,0,,0,,0,,0,,,,,,,
-79.4,43.67,TORONTO,6158350,1905-09-27,1905,9,27,,22.8,,5.6,,14.2,,3.8,,0,,2,,0,,2,,,,,,,
-79.4,43.67,TORONTO,6158350,1905-09-28,1905,9,28,,25,,8.3,,16.7,,1.3,,0,,0,,0,,0,,,,,,,
-79.4,43.67,TORONTO,6158350,1905-09-29,1905,9,29,,27.2,,12.2,,19.7,,0,,1.7,,0,,0,,0,,,,,,,
-79.4,43.67,TORONTO,6158350,1905-09-30,1905,9,30,,28.3,,12.2,,20.3,,0,,2.3,,0,,0,,0,,,,,,,
-79.4,43.67,TORONTO,6158350,1905-10-01,1905,10,1,,25.6,,11.7,,18.7,,0,,0.7,,0,,0,,0,,,,,,,
-79.4,43.67,TORONTO,6158350,1905-10-02,1905,10,2,,19.4,,14.4,,16.9,,1.1,,0,,17.3,,0,,17.3,,,,,,,
-79.4,43.67,TORONTO,6158350,1905-10-03,1905,10,3,,21.7,,7.2,,14.5,,3.5,,0,,0,,0,,0,,,,,,,
-79.4,43.67,TORONTO,6158350,1905-10-04,1905,10,4,,23.9,,9.4,,16.7,,1.3,,0,,0,,0,,0,,,,,,,
-79.4,43.67,TORONTO,6158350,1905-10-05,1905,10,5,,21.1,,11.1,,16.1,,1.9,,0,,0,,0,,0,,,,,,,
-79.4,43.67,TORONTO,6158350,1905-10-06,1905,10,6,,13.3,,4.4,,8.9,,9.1,,0,,0,,0,,0,,,,,,,
-79.4,43.67,TORONTO,6158350,1905-10-07,1905,10,7,,17.2,,2.2,,9.7,,8.3,,0,,0,,0,,0,,,,,,,
-79.4,43.67,TORONTO,6158350,1905-10-08,1905,10,8,,23.3,,6.1,,14.7,,3.3,,0,,0,,0,,0,,,,,,,
-79.4,43.67,TORONTO,6158350,1905-10-09,1905,10,9,,21.7,,11.1,,16.4,,1.6,,0,,0,,0,,0,,,,,,,
-79.4,43.67,TORONTO,6158350,1905-10-10,1905,10,10,,21.1,,12.2,,16.7,,1.3,,0,,0,,0,,0,,,,,,,
-79.4,43.67,TORONTO,6158350,1905-10-11,1905,10,11,,17.8,,6.7,,12.3,,5.7,,0,,24.4,,0,,24.4,,,,,,,
-79.4,43.67,TORONTO,6158350,1905-10-12,1905,10,12,,11.7,,2.8,,7.3,,10.7,,0,,0.8,,0,,0.8,,,,,,,
-79.4,43.67,TORONTO,6158350,1905-10-13,1905,10,13,,12.8,,3.9,,8.4,,9.6,,0,,0,,0,,0,,,,,,,
-79.4,43.67,TORONTO,6158350,1905-10-14,1905,10,14,,15.6,,3.9,,9.8,,8.2,,0,,0,,0,,0,,,,,,,
-79.4,43.67,TORONTO,6158350,1905-10-15,1905,10,15,,20.6,,6.7,,13.7,,4.3,,0,,3.8,,0,,3.8,,,,,,,
-79.4,43.67,TORONTO,6158350,1905-10-16,1905,10,16,,15.6,,6.7,,11.2,,6.8,,0,,0,,0,,0,,,,,,,
-79.4,43.67,TORONTO,6158350,1905-10-17,1905,10,17,,10.6,,3.9,,7.3,,10.7,,0,,0,,0,,0,,,,,,,
-79.4,43.67,TORONTO,6158350,1905-10-18,1905,10,18,,15.6,,10,,12.8,,5.2,,0,,23.4,,0,,23.4,,,,,,,
-79.4,43.67,TORONTO,6158350,1905-10-19,1905,10,19,,15.6,,8.9,,12.3,,5.7,,0,,4.6,,0,,4.6,,,,,,,
-79.4,43.67,TORONTO,6158350,1905-10-20,1905,10,20,,12.8,,3.3,,8.1,,9.9,,0,,11.2,,0,,11.2,,,,,,,
-79.4,43.67,TORONTO,6158350,1905-10-21,1905,10,21,,7.2,,0.6,,3.9,,14.1,,0,,0,,0,,0,,,,,,,
-79.4,43.67,TORONTO,6158350,1905-10-22,1905,10,22,,9.4,,2.2,,5.8,,12.2,,0,,0.5,,0,,0.5,,,,,,,
-79.4,43.67,TORONTO,6158350,1905-10-23,1905,10,23,,9.4,,-0.6,,4.4,,13.6,,0,,0,T,0,,0,T,,,,,,
-79.4,43.67,TORONTO,6158350,1905-10-24,1905,10,24,,9.4,,2.2,,5.8,,12.2,,0,,0,,0,,0,,,,,,,
-79.4,43.67,TORONTO,6158350,1905-10-25,1905,10,25,,3.9,,-3.9,,0,,18,,0,,0,,0,,0,,,,,,,
-79.4,43.67,TORONTO,6158350,1905-10-26,1905,10,26,,6.7,,-3.3,,1.7,,16.3,,0,,0,,0,T,0,T,,,,,,
-79.4,43.67,TORONTO,6158350,1905-10-27,1905,10,27,,10.6,,0,,5.3,,12.7,,0,,1.3,,0,,1.3,,,,,,,
-79.4,43.67,TORONTO,6158350,1905-10-28,1905,10,28,,7.2,,0.6,,3.9,,14.1,,0,,0,T,0,T,0,T,,,,,,
-79.4,43.67,TORONTO,6158350,1905-10-29,1905,10,29,,3.9,,-3.9,,0,,18,,0,,0,,0,T,0,T,,,,,,
-79.4,43.67,TORONTO,6158350,1905-10-30,1905,10,30,,6.1,,-1.7,,2.2,,15.8,,0,,0,,0,,0,,,,,,,
-79.4,43.67,TORONTO,6158350,1905-10-31,1905,10,31,,5.6,,1.7,,3.7,,14.3,,0,,1.5,,0,,1.5,,,,,,,
-79.4,43.67,TORONTO,6158350,1905-11-01,1905,11,1,,5.6,,-1.7,,2,,16,,0,,0.3,,0.3,,0.5,,,,,,,
-79.4,43.67,TORONTO,6158350,1905-11-02,1905,11,2,,5.6,,-2.2,,1.7,,16.3,,0,,0,,0,,0,,,,,,,
-79.4,43.67,TORONTO,6158350,1905-11-03,1905,11,3,,8.9,,2.8,,5.9,,12.1,,0,,1.3,,0,,1.3,,,,,,,
-79.4,43.67,TORONTO,6158350,1905-11-04,1905,11,4,,8.9,,2.8,,5.9,,12.1,,0,,0,,0,,0,,,,,,,
-79.4,43.67,TORONTO,6158350,1905-11-05,1905,11,5,,6.7,,-2.2,,2.3,,15.7,,0,,1.5,,0,,1.5,,,,,,,
-79.4,43.67,TORONTO,6158350,1905-11-06,1905,11,6,,6.7,,3.9,,5.3,,12.7,,0,,11.4,,0,,11.4,,,,,,,
-79.4,43.67,TORONTO,6158350,1905-11-07,1905,11,7,,5.6,,2.8,,4.2,,13.8,,0,,1.5,,0,,1.5,,,,,,,
-79.4,43.67,TORONTO,6158350,1905-11-08,1905,11,8,,5,,0.6,,2.8,,15.2,,0,,2,,0,,2,,,,,,,
-79.4,43.67,TORONTO,6158350,1905-11-09,1905,11,9,,5,,-1.1,,2,,16,,0,,0,,0,T,0,T,,,,,,
-79.4,43.67,TORONTO,6158350,1905-11-10,1905,11,10,,4.4,,-1.1,,1.7,,16.3,,0,,0,,0,T,0,T,,,,,,
-79.4,43.67,TORONTO,6158350,1905-11-11,1905,11,11,,12.2,,2.2,,7.2,,10.8,,0,,0,,0,,0,,,,,,,
-79.4,43.67,TORONTO,6158350,1905-11-12,1905,11,12,,11.7,,2.8,,7.3,,10.7,,0,,0,,0,,0,,,,,,,
-79.4,43.67,TORONTO,6158350,1905-11-13,1905,11,13,,7.8,,-7.2,,0.3,,17.7,,0,,0,,0,T,0,T,,,,,,
-79.4,43.67,TORONTO,6158350,1905-11-14,1905,11,14,,1.1,,-8.9,,-3.9,,21.9,,0,,0,,0,,0,,,,,,,
-79.4,43.67,TORONTO,6158350,1905-11-15,1905,11,15,,4.4,,-2.2,,1.1,,16.9,,0,,0.8,,1.8,,2.5,,,,,,,
-79.4,43.67,TORONTO,6158350,1905-11-16,1905,11,16,,5.6,,1.1,,3.4,,14.6,,0,,0.5,,0,,0.5,,,,,,,
-79.4,43.67,TORONTO,6158350,1905-11-17,1905,11,17,,5,,-1.7,,1.7,,16.3,,0,,0.5,,0.5,,1,,,,,,,
-79.4,43.67,TORONTO,6158350,1905-11-18,1905,11,18,,4.4,,-0.6,,1.9,,16.1,,0,,0,,0,,0,,,,,,,
-79.4,43.67,TORONTO,6158350,1905-11-19,1905,11,19,,1.7,,-3.9,,-1.1,,19.1,,0,,0,,0,T,0,T,,,,,,
-79.4,43.67,TORONTO,6158350,1905-11-20,1905,11,20,,-2.2,,-5.6,,-3.9,,21.9,,0,,0,,0,,0,,,,,,,
-79.4,43.67,TORONTO,6158350,1905-11-21,1905,11,21,,3.3,,-6.7,,-1.7,,19.7,,0,,0,,0,,0,,,,,,,
-79.4,43.67,TORONTO,6158350,1905-11-22,1905,11,22,,7.2,,-3.3,,2,,16,,0,,0,,0,,0,,,,,,,
-79.4,43.67,TORONTO,6158350,1905-11-23,1905,11,23,,11.1,,1.7,,6.4,,11.6,,0,,0,,0,,0,,,,,,,
-79.4,43.67,TORONTO,6158350,1905-11-24,1905,11,24,,11.7,,3.3,,7.5,,10.5,,0,,1.3,,0,,1.3,,,,,,,
-79.4,43.67,TORONTO,6158350,1905-11-25,1905,11,25,,11.1,,3.3,,7.2,,10.8,,0,,0,,0,,0,,,,,,,
-79.4,43.67,TORONTO,6158350,1905-11-26,1905,11,26,,9.4,,2.8,,6.1,,11.9,,0,,0,,0,,0,,,,,,,
-79.4,43.67,TORONTO,6158350,1905-11-27,1905,11,27,,3.9,,0,,2,,16,,0,,0,,0,,0,,,,,,,
-79.4,43.67,TORONTO,6158350,1905-11-28,1905,11,28,,8.3,,-1.7,,3.3,,14.7,,0,,17,,4.3,,21.3,,,,,,,
-79.4,43.67,TORONTO,6158350,1905-11-29,1905,11,29,,12.2,,0.6,,6.4,,11.6,,0,,0,,0.3,,0.3,,,,,,,
-79.4,43.67,TORONTO,6158350,1905-11-30,1905,11,30,,1.1,,-10.6,,-4.8,,22.8,,0,,0,,0,,0,,,,,,,
-79.4,43.67,TORONTO,6158350,1905-12-01,1905,12,1,,-1.1,,-11.7,,-6.4,,24.4,,0,,0,,0,,0,,,,,,,
-79.4,43.67,TORONTO,6158350,1905-12-02,1905,12,2,,3.9,,-1.1,,1.4,,16.6,,0,,1,,7.6,,8.6,,,,,,,
-79.4,43.67,TORONTO,6158350,1905-12-03,1905,12,3,,3.9,,-0.6,,1.7,,16.3,,0,,0,,1,,1,,,,,,,
-79.4,43.67,TORONTO,6158350,1905-12-04,1905,12,4,,0,,-7.2,,-3.6,,21.6,,0,,0,,0,T,0,T,,,,,,
-79.4,43.67,TORONTO,6158350,1905-12-05,1905,12,5,,-0.6,,-9.4,,-5,,23,,0,,0,,0.3,,0.3,,,,,,,
-79.4,43.67,TORONTO,6158350,1905-12-06,1905,12,6,,2.2,,-1.7,,0.3,,17.7,,0,,0,,0,,0,,,,,,,
-79.4,43.67,TORONTO,6158350,1905-12-07,1905,12,7,,6.7,,-0.6,,3.1,,14.9,,0,,0,,0,,0,,,,,,,
-79.4,43.67,TORONTO,6158350,1905-12-08,1905,12,8,,5.6,,0,,2.8,,15.2,,0,,0,,0,,0,,,,,,,
-79.4,43.67,TORONTO,6158350,1905-12-09,1905,12,9,,4.4,,0.6,,2.5,,15.5,,0,,0,,0,,0,,,,,,,
-79.4,43.67,TORONTO,6158350,1905-12-10,1905,12,10,,1.7,,-5.6,,-2,,20,,0,,0,,0,,0,,,,,,,
-79.4,43.67,TORONTO,6158350,1905-12-11,1905,12,11,,4.4,,-2.8,,0.8,,17.2,,0,,0,,0.5,,0.5,,,,,,,
-79.4,43.67,TORONTO,6158350,1905-12-12,1905,12,12,,2.2,,-5,,-1.4,,19.4,,0,,0,,5.1,,5.1,,,,,,,
-79.4,43.67,TORONTO,6158350,1905-12-13,1905,12,13,,0.6,,-6.1,,-2.8,,20.8,,0,,0,,0,T,0,T,,,,,,
-79.4,43.67,TORONTO,6158350,1905-12-14,1905,12,14,,-1.1,,-13.3,,-7.2,,25.2,,0,,0,,0,,0,,,,,,,
-79.4,43.67,TORONTO,6158350,1905-12-15,1905,12,15,,-8.9,,-13.9,,-11.4,,29.4,,0,,0,,0,T,0,T,,,,,,
-79.4,43.67,TORONTO,6158350,1905-12-16,1905,12,16,,0,,-11.7,,-5.9,,23.9,,0,,0,,0,,0,,,,,,,
-79.4,43.67,TORONTO,6158350,1905-12-17,1905,12,17,,1.1,,-7.2,,-3.1,,21.1,,0,,0,,0,,0,,,,,,,
-79.4,43.67,TORONTO,6158350,1905-12-18,1905,12,18,,2.8,,-1.7,,0.6,,17.4,,0,,0,,0,,0,,,,,,,
-79.4,43.67,TORONTO,6158350,1905-12-19,1905,12,19,,3.3,,1.1,,2.2,,15.8,,0,,0,,0,,0,,,,,,,
-79.4,43.67,TORONTO,6158350,1905-12-20,1905,12,20,,4.4,,1.1,,2.8,,15.2,,0,,0,,0,,0,,,,,,,
-79.4,43.67,TORONTO,6158350,1905-12-21,1905,12,21,,6.7,,1.1,,3.9,,14.1,,0,,28.2,,0,,28.2,,,,,,,
-79.4,43.67,TORONTO,6158350,1905-12-22,1905,12,22,,6.1,,2.2,,4.2,,13.8,,0,,1,,0,,1,,,,,,,
-79.4,43.67,TORONTO,6158350,1905-12-23,1905,12,23,,3.9,,0,,2,,16,,0,,0,,0.3,,0.3,,,,,,,
-79.4,43.67,TORONTO,6158350,1905-12-24,1905,12,24,,0.6,,-5,,-2.2,,20.2,,0,,0,,0,T,0,T,,,,,,
-79.4,43.67,TORONTO,6158350,1905-12-25,1905,12,25,,-0.6,,-3.9,,-2.3,,20.3,,0,,0,,0.5,,0.5,,,,,,,
-79.4,43.67,TORONTO,6158350,1905-12-26,1905,12,26,,5,,-2.8,,1.1,,16.9,,0,,0,,0,,0,,,,,,,
-79.4,43.67,TORONTO,6158350,1905-12-27,1905,12,27,,7.8,,1.7,,4.8,,13.2,,0,,0,,0,,0,,,,,,,
-79.4,43.67,TORONTO,6158350,1905-12-28,1905,12,28,,6.7,,-1.7,,2.5,,15.5,,0,,4.1,,0,,4.1,,,,,,,
-79.4,43.67,TORONTO,6158350,1905-12-29,1905,12,29,,7.2,,1.7,,4.5,,13.5,,0,,8.1,,0,T,8.1,,,,,,,
-79.4,43.67,TORONTO,6158350,1905-12-30,1905,12,30,,2.8,,0,,1.4,,16.6,,0,,0,,0,T,0,T,,,,,,
-79.4,43.67,TORONTO,6158350,1905-12-31,1905,12,31,,0,,-3.9,,-2,,20,,0,,0,,0.3,,0.3,,,,,,,
